Pre->,Do you consent to participating in this study,Please type your user-ID here,"Age:
","Highest degree attained so far:
","How often do you engage in academic discussions, written arguments or debates?","How frequently do you usually use online discussion forums, e.g., Reddit, Baidu forum, Quora?  ",How would you rate your ability to construct a good  argument that can convince other people?  ,"Main Claim (The main idea, one has in mind to express)",Grounds  (Evidence given to support the idea of the argument),Warrant  (Reasoning that connects evidence to claims),Backing (Additional evidence backing up the connection),Qualifier (Words that make the claim more careful- scope),"Rebuttals  (When the main point might not apply, counterargument)",Research opposing viewpoints  ,Consider limitations to your own position ,Provide specific evidence to support claims ,Predict and address counterarguments ,I can identify assumptions in arguments (my own and others),I objectively analyze evidence before accepting conclusions ,I can identify weaknesses in others' arguments (logical flaws or gaps),I am willing to change my position when presented with better evidence ,I consider multiple perspectives when forming arguments ,"Given a topic that you are confident debating with people, write an argumentative sentence",Post->,Please type your user ID :,"Main Claim (The main idea, one has in mind to express)",Grounds  (Evidence given to support the idea of the argument),Warrant  (Reasoning that connects evidence to claims),Backing (Additional evidence backing up the connection),Qualifier (Words that make the claim more careful - scope),"Rebuttals  (When the main point might not apply , counterargument)",Please specify how the tool affected your ability.,Which Toulmin components did you improve after feedback? select all that apply,"From the Reddit discussions you viewed,  which components did you build into your revised argument? (Select all that apply)  ",Please give one example of a Reddit discussion that helped you improve (Claim/Evidence/Rebuttal) in your argument:,How helpful was the app in improving your arguments ,"After using the tool, I can better identify assumptions in arguments (my own and others)","After using the tool, I more objectively analyze evidence before accepting conclusions ","After using the tool, I can better identify weaknesses in arguments ","After using the tool, I'm more willing to change my position when presented with better evidence  ","After using the tool, I consider more perspectives when forming arguments ",To what extent did the app help you understand the structure of arguments? ,Can you provide an example and explain how?,"After using the tool,  How would you rate your ability to construct a good  argument that can convince other people? ","Based on the same topic that you wrote your initial argument, write the post version of your argument here  ","How mentally demanding was the task of using this tool?"" ",What did you like most about the tool? ,What improvements would you suggest for the tool? why?,Would you use this tool again for structuring future arguments?  ,Please elaborate why,Do you think this tool would be useful for others in academic or debate settings?  ,Would you recommend this tool to a friend or colleague?  
,Agree,person1,23,High School,5,4,3,4,3,4,3,4,4,5,4,5,5,5,4,3,4,5,Social media is more harmful than good ,,person1,5,5,6,5,6,6,It can help me to understand more about the components of a good argument. And I kind of know how to use it in a simple way. ,"Warrants (Logical connection  between evidence and Claims), Backing  (Additional evidence backing up the connection), Qualifiers  (Words that make the claim more careful - scope), Rebuttals   (When the main point might not apply , counterargument)","Grounds, Warrants/Reasoning, Rebuttals/Counterarguments",The post gave me many examples showing how harmful the social media is to users. ,6,6,6,5,5,7,6,The app helps me understand the structure of a strong argument. It showed me which components I need to really understand and improve. It also help me to identify the faults in how others create an argument. ,5,"Social media can be more harmful than good if the users overuse it. It can afflict human privacy, make people distracted. First of all, many social media take the information of users for their purpose. Many researches show that the companies like Facebook, Instagram stole their users data and then the information is leaked, leading to the attacking of their users virtually. Secondly, social media is designed to capture the attention of their users, making them less focused to do the important tasks. Many studies showed that employees nowadays are less productive than before since they are always getting distracted by the notification and the urges to check things on social media. Moreover, this can affect users mental health as if they are too immersed in the virtual world, they might forget the real world they are living in, leading to disturbed view of life. ",2,It helps me to know my weakness that I need to improve. ,Grammatically fixing.,Yes,Because it is useful. ,Yes,Yes
,Agree,Person2,19,High School,6,2,4,4,4,3,3,4,3,4,5,3,3,4,4,5,5,4,"I want to talk about the use of AI nowadays. Some people consider it bad for your study and daily life because you will be depend on it. For me, it has both pros and cons, for example, with me the use of AI like chatGPT help me a lot when i want to study something new, instead of asking it the solution, I can ask how can I find the solution, it much more better.",,person2,6,6,4,5,6,6,"In my opinion, this tool is good in general, it gives positives feedback that are helpful and understandable. However, sometimes it is better if it give example for the each element","Claims (The main idea, one has in mind to express), Grounds (Evidence given to support the idea of the argument), Warrants (Logical connection  between evidence and Claims), Backing  (Additional evidence backing up the connection), Qualifiers  (Words that make the claim more careful - scope)","Warrants/Reasoning, Rebuttals/Counterarguments, Grounds","About the evidences: I can see the Reddit has given me two evidences to support that AI is good, for example, there are people said that AI helped them to balance their life. some said that AI make their life more interesting.",6,5,6,6,7,6,6,"It helped me to realize that my argument is lacking many parts. For example. I said that both AI have both pros and cons but I didnt provide any reason or specific example about it. Besides, I realized that I also forget to include research about AI to reinforce my arguments.",5,"Nowadays, there are opinions that AI is bad for your daily life, there are also opinion that AI has many benefits. From my perspective, I will say that AI has both benefits and disadvantages. First, let's talk about AI disadvantages, when AI is first popular to many people in the world, there many people who just use it and didn't realize its weaknesses. For example, AI is usually incorrect, people have to research about what AI say before putting it in use, but there are many people who dont do that. Second example is that you have to worry about your personal information's security, such as your age, name, address,... when revealing it to AI because who know that somedays the AI can be hacked and your personal data is used for making bad money. Second, let's talk about AI benefits. AI benefits in many ways, you can use it for helping planning your schedule, use it for helping use solve your personal problems, or for self study. I can give some evidences about this, many people in Reddit use AI to help them schedule your daily life, how can they balance between many things such as planning how can they do their job, preparing for the date, go to the gym, eat healthy,... The second example is that, people use AI for enjoying purposes, AI can confide with them, talking like a friend, teaching them cooking. Therefore, the use of AI for me is both having its benefits and disadvantages.",1,"It very specific, giving details advices and also give the point, and the graph to visualize my current arguments score.","Sometimes, the tools just paraphrase my sentences, not really give a good point about it.``",Yes,It is helpful for me to be honest.,Yes,Yes
,Agree,person3,42,Master's Degree,6,6,5,5,4,4,3,3,4,4,3,4,4,5,5,4,3,4,"climate change is mostly driven by man made actions like fossil fuel burning over  many years that we  have kept producing emissions like carbon monoxide, we know that this is a concerning issue and we have to find a solution for it, even though there could be natural reasons attribute to this problem like volcanic eruptions or natural life cycle activities ",,person3,6,6,5,5,5,5,the tool really help me in a sense of capturing different parts that i was not aware of  and it made me to think back in more angles that i was not even considering to be important but after trying this i can see weaknesses that i need to cover ,"Grounds (Evidence given to support the idea of the argument), Backing  (Additional evidence backing up the connection), Rebuttals   (When the main point might not apply , counterargument)","Warrants/Reasoning, Backing/Support, Rebuttals/Counterarguments, Grounds",The discussions by was giving me both grounds that i was not familiar earlier like in the claim that i made to say global warming is because of fossil fuels it gave me much many point of views with evidences like the ipcc or the amount of co2 we produce or alternative fuels that we can use like nuclear or more sustainable ,6,6,6,6,5,6,6,I believe I have better reasoning ability to how to speak more logically than before ,7,"Climate change is mostly driven by man made actions like fossil fuel burning. Over many years, we have kept producing emissions like carbon monoxide, and this has become a serious issue we need to solve. While natural factors like volcanic eruptions or cycles of nature also play a role, the bigger problem is industrial activities and big corporations. It is not just about people making small changes but it is about the massive emissions from companies and the way our whole system is built. Even if you live an eco friendly life, it wont fix the damage done by industries that keep polluting on a huge scale. To really fight climate change, we need stronger rules and real action that holds corporations responsible, not just individuals trying to reduce their carbon footprints. Working together and pushing for change at the bigger level is the only way we can make a real difference here",2,i liked the UI it was clean and simple also I think i keep using the  app continues for more time i will be more confident to write better arguments ,the components were really good in style but the analysis would have been easier to interpret if i had some more examples being suggested for each component ,Yes,it was really cool to see how based on my sayings other people have already said many things that I am not even aware of when i want to make a sentence in my mind ,Yes,Yes
,Agree,person4,24,Master's Degree,6,3,5,5,4,4,3,4,5,4,4,3,3,5,4,4,2,4," In recent years specially with the Covid outbreak people have been leaned towards the hobbies they can spend time at home. With that the lean towards anime industry has also increased. Because of the increasing demand on the shows, the mass production has started for the anime. As a result the quality has decreased and the meaning behind the stories also become shallow. ",,person4,6,6,6,5,6,7,"It made me think for the other rotes that my idea or reasoning can go, like having a counterargument.","Claims (The main idea, one has in mind to express), Grounds (Evidence given to support the idea of the argument), Warrants (Reasoning that connects evidence to claims), Backing  (Additional evidence backing up the connection), Qualifiers  (Words that make the claim more careful - scope), Rebuttals   (When the main point might not apply , counterargument)","Warrants/Reasoning, Backing/Support, Qualifiers/Limitations, Rebuttals/Counterarguments",The post that wrote about the other things that can impact the main claim.,7,7,6,6,5,6,7,"By using the app, i could see that the argument that i have wrote has lacking in some parts to be a reasonably good argument. The app has shown the parts and explained in detail, how the correct formation of an argument would be more impactful. For example, in qualifier section it is explained that the argument was lacking because of not considering the other possible reasonings.",7,"In recent years, specially with the COVID-19 pandemic when people were usually staying at home, home related hobbies has risen among most of the people like watching a TV series or cooking. Around those time also many people have discovered the anime and lean towards it. With increasing community, the demand may have also increased. The statistic data from MAL shows increase in anime production put pressure to the animators and this can reduce the quality of the animation ,the storytelling and character writing.  The pressure was mainly because of the high production leading animators to faster sketch the characters and low payment happening in many of the anime companies over the Japan. Although the increase may have caused the decrease in quality also the high competition caused the better quality shows to survive.",1,"I liked that it divided my argument to sections that express the overall logic flow. The app had many features, after explaining the section and the idea behind it, it also suggest the relevant reddit posts which were truly helpful because it also showed examples for the counter arguments. Also the visual figures are helping.",The app can have better overall layout and simpler text. ,Yes,"I appreciated how the app broke my argument into sections that clearly reflected the overall logical flow. It offered multiple features after introducing each section and its purpose, it also suggested relevant Reddit posts, which were especially helpful in presenting counter-argument examples.",Yes,Yes
,Agree,person5,26,Bachelor's Degree,5,7,3,4,3,3,2,4,4,3,5,3,3,3,4,5,5,3,"Spending money on therapists and psychologists is not a waste of one's resources and time, rather it helps people overcome mental health issues. ",,person5,6,6,7,4,6,7,"It helped me think more about the rebuttals, as well as the using evidence to support my claims. In my initial argument, I didn't provide any additional evidence, nor any counter argument, but the tool helped my identify these issues in my claim. ","Grounds (Evidence given to support the idea of the argument), Backing  (Additional evidence backing up the connection), Qualifiers  (Words that make the claim more careful - scope), Rebuttals   (When the main point might not apply , counterargument)","Warrants/Reasoning, Rebuttals/Counterarguments","The rebuttal that Therapy isn't isn't for everyone, and some people have adverse affects after seeing a psychologist, as the therapist might report them for suicidal tendencies. I didn't consider this in my argument initially. ",6,6,7,6,5,7,6,"Initially, I believed that Therapy and seeing a Psychologist could be for everyone, however after browsing reddit, I understood that it might not be for everyone. Some people are quite self-aware and the notion about 'paying someone to talk about mental health' bothers them quite a lot. I didn't consider this perspective before in my argument. ",6,"Spending resources and money on psychologists and therapists can be beneficial for most people, but not for everyone, as some people are quite strong-willed to overcome their mental trauma on their own and do not necessarily need a therapist. Usually, needing a therapist depends on one's mental health condition and whether or not they have already exhausted other options like seeing a Psychiatrist. On the contrary, seeing a therapist sometimes can have adverse effect's on one's life, for example the therapist might not be confidential or experienced enough to deal with your trauma\mental issues. ",2,The way it gives a clear explanation of my written argument and helps me browse relevant reddit posts to get other perspectives on the argument. ,"I would like if the tool also assigned a score to my argument in the beginning, because it's nice to see things quantified. ",Yes,It is a useful tool and can help me debate better. ,Yes,Yes
,Agree,person6,25,Bachelor's Degree,4,3,4,4,3,3,3,4,4,3,4,4,4,4,5,4,4,4,"I think AI will never be intentionally and consciously evil. Regardless of how the media and sci-fi movies suggest, AI will never get complete consciousness to act as rival to human beings. However, bad programming or training of AI may lead it to make bad or even evil decisions, but not consciously.",,person6,5,5,5,6,5,6,Giving new ideas how support my claim and giving good related arguments from reddit to explore different aspects of the subject,"Grounds (Evidence given to support the idea of the argument), Warrants (Reasoning that connects evidence to claims), Backing  (Additional evidence backing up the connection), Qualifiers  (Words that make the claim more careful - scope), Rebuttals   (When the main point might not apply , counterargument)","Backing/Support, Qualifiers/Limitations, Rebuttals/Counterarguments, Grounds","What I stated in my claim was a very broad topic with very general examples, like media and movies suggest AI is evil, and AI's bad behavior can only be because of programming or training data. But the reddit arguments were much deeper and discussed this subject in more specific and technical ways and from more knowledgeable figures. For example, a post from the Nobel laureate Geoffrey Hinton, gave me a new idea about the counter argument of my claim that how AI can misbehave or even deceive humans intentionally. Even though, I, myself am a programmer and have a good knowledge of AI structure and building process, this argument made me think and reevaluate my ideas. ",6,6,6,6,6,7,5,"The whole idea of AI is can be argued. This tool helped me to rethink what does AI mean, and in that context, what is intention. For example, I realized the chain of thoughts of AI can be defined as its intention and this chain of thoughts can include harmful acts or behaviors.",6,"I believe that AI is not as evil as what sci-fi movies are suggesting or as much dangerous the common people are afraid of. In other words, the AI most probably doesn't have and will not have consciousness to intentionally oppose humans as a threat to human beings. Based on the Nobel winner Geoffrey Hinton's statements, the AI can be intentionally be deceptive. additionally intention in AI concept can translate to chain of thoughts based on OpenAI's recent developments and this chain of thoughts may lead to misbehavior. However, as I have also heard from a Google NLP specialist,  discussing this level of new capabilities that AI and language models have to show sympathy and higher level of humanized capabilities is more related to the  good optimization of specialist train Ai models, and has not relation with artificial intelligence having all abilities of humans. i think people should be more concerned about the privacy and ethical issues rather than the just a general exotic fear from ai ",2,"Reddit suggestions, splitting my sentence into different parts","suggesting a new argument for the subject instead of some guidelines to make it better it would be good to also have a suggested complete sample, following reddit was very helpful but going through all the comments was hard to follow sometimes if we can have a summary in the main page that will also help ",Yes,"It challenges my arguing abilities and the way I think, I used it for limit time if  use more I can have a broader knowledge and better structure to use that knowledge when I want to talk ",Yes,Yes
,Agree,person7,24,Bachelor's Degree,6,5,4,4,3,3,3,3,2,2,3,3,2,4,3,4,4,3,"Playing competitive games like CS, Valorant or R6 makes me sick. I am sitting there to relax and get out of the life's difficulty but when I play that kind of games instead of relaxing I feel more anxious because of the teammates and the result of the game. But if I mostly win and play with my friends or family it sometimes feels good.",,person7,5,5,4,4,4,5,It helped me to see how to be persuasive better. And in future I will be more persuasive with the reconsiderations of the tool. I wasn't clearly identifying anything. I was just saying my thoughts which are not convincing which they are very abstract. They were just some ideas of mine instead of true facts but with the help of the tool know I can understand better how to be more convincing and how to be able to use different parts i see somewhere in my day to day discussions with my friends.,"Grounds (Evidence given to support the idea of the argument), Backing  (Additional evidence backing up the connection), Qualifiers  (Words that make the claim more careful - scope), Rebuttals   (When the main point might not apply , counterargument)","Backing/Support, Rebuttals/Counterarguments, Grounds","""playing valorant as a girl is so mentally draining"" title supports the claim and evidence of my argument. Also the comments below the post are supports the girl's and my idea. It helped me to understand how to create the structure of being persuasive. there were also discussion point on reddit that playing games has increased the blood pleasure of the gamers initially i put my claims in many claims now i can see and use one of them as a counter part instead of just saying my ideas ",5,5,4,5,5,5,6,"Instead of giving one claim I gave two claims and I didn't support neither of them. Tool identified these errors and also mentioned about using general amount words such as ""many, more"" it also identified those.",6,"Playing multiplayer competitive games are bad for our heart pressure, stress levels and our discomfort. By increasing those it increases our anxiety as well. I remember myself playing FPS competitive games and after couple of games I felt exhausted. Study from World Health Organization  shows that people who plays 2000+ hours of competitive games increases the heart failure risk by 5% in their whole life which equal to smoking cigarettes for 5 year. For some players it can be relaxing and great time passing tool however this will be that way until they lose couple of games in serial. Another study in South Korea where the country that most competitive games most played, shows that people who play story based games instead of competitive games, it will increase their perception by 7%.  Another aspect to consider is harassment. As I came across many posts in Reddit, many female and children harassed by only their sex and age among the other players Even though they were in the leading their team it was not enough for them not to be harassed. But anyway, these online games are still considered a way that people can have fun, if we could manage the time we spent on them, sometimes they can be  good a source of entertainment for us including myself.",2,Feedbacks are very good instead of giving direct example to write this or this. It describes how to do it so it give us space to think. ,"It can ask for several answer type. Because each person is different, yes I liked the version without examples but maybe some people will like the version with the examples.",Yes,"I like the GUI and in the next page "" Assessment"" area there are very good graphical interfaces which are easy to understand and comment on it. ",Yes,Yes
,Agree,person8,28,Bachelor's Degree,6,6,4,5,3,4,3,3,2,5,4,3,3,5,4,5,5,4,"the experiences you had as a child makes you who you are right now as an adult, it dictates your daily life. if you did not get enough love as a child, you might grow up to be a person always wanting for love, always overthinking that people might abandon you. If you read about the psychology of criminal and serial killers, to know what made them do their crimes, most of the time it leads to their bad childhood. ",,person8,5,6,5,5,6,5,"it gave me a perspective about my writing and understanding of how i might be processing an argument. i though if i clearly say a point that it is clearly acceptable. it will become a reasonable sentence then,  i saw that there are many other things that have to consider ","Grounds (Evidence given to support the idea of the argument), Backing  (Additional evidence backing up the connection), Qualifiers  (Words that make the claim more careful - scope), Rebuttals   (When the main point might not apply , counterargument)","Warrants/Reasoning, Qualifiers/Limitations, Rebuttals/Counterarguments, Grounds","examples and personal experience of people helped for example a claim that a person with a healthy childhood can also do some criminal activity helped improve rebuttal
when reading the reddit post and personal experiences of people helped the app analysis told that for the argument it is better to use counter argument even if the claim is clear it is better to use counter argument like even if childhood issues will dictate the future as an adult it can be managed to be solved also noticed that if saying this it will cause a bad feeling in people in there reddit post there were many parts that people were feeling sad and had bad feelings about how his boyfriend always told them that they have child issue and it makes them feel bad also there was one post that child issue can cause by different things like poverty or having abuse father there was also one post that not all serial killers come from bad families these things led to be more mindful when wanting to talk",6,5,5,6,6,6,6,"like to improve my argument, i should give references to evidence of my claim i need to be mindful and consider different things in my mind before talking ",6,"Childhood trauma shapes the personality and daily life of an adult person. The trauma can be due to lack of parental love, bullying, sexual abuse as kid, a bad financial condition. In some cases, it can lead to making people serial killers or criminal or having bad impacts in future life as an adult that. In most of the true crime documentaries, the criminals had tough childhood due to poverty, abuse, bullying, abandonment etc. If they see their parents fighting all the time, it might make them think that this behavior is normal. There have been studies claiming that pedophilia is related to childhood abuse. However, blaming everything on childhood is a bit unfair, A person's actions also depends on people they are hanging out with, things that they think are normalized, what kind of media they are consuming and how they are perceiving it. There are many factors other than childhood trauma that can make a person do criminal activities. On the other hand, even if someone has bad childhood, they can overcome it by dealing with it through emotions, therapy and other ways so there is always a way out. If someone had a bad childhood, that does not mean that they will turn out be a bad person when they become adult. Maybe they start hating the abuse they saw or experienced as a child and might want not to do same to anyone else when they are older.",4,the assessment page because it helped me improve my argument  like want to do it more times,"nothing so far, everything works pretty well",Yes,I want to improve my skills to have better conversations,Yes,Yes
,Agree,person9,27,Bachelor's Degree,5,5,6,6,6,5,4,4,5,4,5,6,6,6,6,5,6,5,"Building a successful startup. When we talk about building a business or startup we think like it is something which is either win or loose and will either go successful or unsuccessful in one go . To me it is not something like that it is also like a career path or a job in which you gradually achieve success step by step . For startup most people think if you have got a good idea you are going to the next billionaire but it is all about how much you believe in your idea yourself ,how much you are consistent with it even if no one if believing how you plan towards building step by step  what is your validation and deployment plan and how you will manage it if it goes big .",,person9,7,7,5,5,6,6,"The tool share some very good point on added the qualifiers in the argument , further the rebuttals were completely missing from my argument now i can think that they are quiet important as well to build a complete argument .Ground on which i established my argument was my supposition the tools gave a clearer that how i can elaborate my grounds. And since grounds were missing so does the reasoning which can connect with the evidence to establish the claim","Grounds (Evidence given to support the idea of the argument), Warrants (Reasoning that connects evidence to claims), Backing  (Additional evidence backing up the connection), Qualifiers  (Words that make the claim more careful - scope), Rebuttals   (When the main point might not apply , counterargument)","Backing/Support, Qualifiers/Limitations, Rebuttals/Counterarguments, Grounds","In one of the reditt post the person mentioned about the lesson he learnt form 1st failed startup in the post the person mentioned about the factors and the main things he did wrong form that post i came to know about the claim, counter argument  and the evidences needed to be added in my argument  ",7,6,7,6,7,6,6,One example is that i didn't used a evidence in my argument  the evidence  or example i used was my assumption . I could have added the example of amazon or Coca-Cola that in there first few years of product launch they were just able to sell as few units but they succussed in their idea due to the consistency and belief they had in there product that this will not go big overnight but will be a long term journey and they were well prepared with their plan when there ideas went big ,7,"Successful startups are build with consistency .Building a startup is like a journey in which you succussed step by step . A journey in which you develop the belief in your idea. You work on it , you identifies the potential in it and once you reach a stage that you are able make it something which can add value your next step comes in to find the global market and makes it reach to the common persons .It takes a a lot of continuous learning to achieve a success and if in this journey you skip any of the step it will be a learning to for you not do it in the next attempt just take an example of Alibaba .The person who build it faced a a lot of rejection from jobs and had initial failed attempts in making it big but he was consistent with his idea and had the belief and the failures he encountered were nothing but just small leaning step for building a success .In this era of digital world we hear a lot about crypto billionaire or future market traders in crypto how has made big in few mins but there if there is one of them who has made big there are 100 of those who has lost everything .Real success is not only getting money out of something but is more about building something real which can add the value.",4,real reddit post to learn from human experience ,may be give a version of improved argument as well ,Yes,i give other idea and real references from reddit to back the ideas it give ,Yes,Yes
,Agree,person10,31,Master's Degree,6,3,5,6,5,4,4,5,4,4,5,5,5,6,4,5,4,5,I think Europe is not a good place to get rich. In order to get rich you need to migrate to US and work there. With the regulations that exist in some European countries and with high taxes for high earners most of the people end in the equal kind of living at the end but it is not like this in US based on tax levels and income levels in statistics.,,person10,6,6,5,5,6,5,"It helped me to know the correct procedure to propose a claim and back it with good references and look at it from different point of views. With the relevant context that it provided like the extra expenses that people face in US like medical care expenses, car expenses I found out that there are other faces of economic growth that I did not see in my claim.","Grounds (Evidence given to support the idea of the argument), Warrants (Reasoning that connects evidence to claims), Backing  (Additional evidence backing up the connection), Qualifiers  (Words that make the claim more careful - scope), Rebuttals   (When the main point might not apply , counterargument)","Backing/Support, Qualifiers/Limitations, Rebuttals/Counterarguments, Grounds","I could see from peoples experiences that it is not always like comparing tax levels and income levels. There are differences between health care services, commuting models and different aspects of life that would affect your saving. The other aspect is that we cannot provide a general claim for all the people in any working sectors. It will be good for some people and bad for some.",6,6,6,6,5,6,6,I identified what do I need to look in peoples claims. Now I feel that each claim need to be back with a good reference and need to contain different point of views of that subject use other people experience and words to make my argument more convincing and strong.,6,"I think Europe is not a good place to get rich. In order to get rich you need to migrate to US and work there. With the regulations that exist in some European countries and with high taxes for high earners most of the people end in the equal kind of living at the end but it is not like this in US based on tax levels and income levels in statistics

After reading some posts, I found more reason why my argument is right. In US the salaries for same jobs are much higher than Europe. Like one post said analysts in US start at $60K but in Europe only 28K$ for same job. This big difference makes it easier to get rich in US even with higher living costs. Also the taxes in Europe are high for people who earn a lot. European countries take huge percentage from high earners so its hard to keep money you make. In US you can keep more money especially in states with no income tax.
US also has more opportunity for starting business and entrepreneurship. Like one guy said about his startup for baby products, and he made a good money with his startup but at the same time he was so concerned if Trump tariffs plan ruin his business. so the security and work life balance would be a problem in us compared to Europe.

People might say Europe has better life quality with healthcare and education based on statistics the education in us is very expensive studies shows that even the poor people can easily go to university in china or Europe but it is not possible in US for all people. If you want stable average life then maybe Europe is ok but for getting truly rich US is much better option. There was also one post about people experience moving from NL to US based on their experience they were saying that they are able to make more friends and have a better social life in US which is another advantage.",4,its good and helpful I will be a good game to play and think more ,first it suggest to cite better evidence or ground or statistics but it does not give. I have to find them on the posts it gives myself so if it have a summary of the posts posts were long it will be easier to use,Yes,its a good app teach good if i want to practice for talking to people better this app can help me,Yes,Yes
,Agree,person11,37,Doctorate,5,5,5,6,5,5,5,4,4,4,5,5,4,5,5,5,6,6,"Let's start by asking this question: what is role of AI in online platforms? just helping the big companies to boost their profits and make more money or they can also help the people to make better choice for society? For example many of big food retails compony just consider user behaviour and preference to recommend them foods with high rate o acceptance without considering the health and sustainability. These AI platforms can have a vital role in changing user behaviour and promoting more health and more sustainable decisions. Therefore, at the age of technology and the high penetrate rate of online platforms, response AI help us to have more sustainable society.",,person11,6,6,6,6,5,6,This tool helped me be more familiar with argumentation model which can significantly improve my writing ability. It also helped me to enhance my ability to enhance the backing component of my writing by adding more statistics and evidences.,"Claims (The main idea, one has in mind to express), Grounds (Evidence given to support the idea of the argument), Backing  (Additional evidence backing up the connection), Qualifiers  (Words that make the claim more careful - scope)","Claims, Qualifiers/Limitations, Rebuttals/Counterarguments, Grounds",providing straightforward evidences for backing our argument,6,6,6,7,7,6,6,This tool helped me to check the different components of an argument to accept or reject it.,6,"
The previous studies have shown that AI has the potential role of creating a more sustainable society. If we use AI for good reasons, they can also help the people to make better choices. Although, this is very important area for AI, it is also very challenging and we need to do it carefully because just trying to promoting sustainable  acts can decrease the AI trust. Also, the one of main goal of Responsible AI is to strengthen communities by encouraging healthy and more sustainable life style, by this term I want to explain that the current AI that is being developed by the 'big brothers' will not necessarily helps humans to live more sustainable life for example the machine learning models that help business owners and governments to sell more fast food and earn more money by suggesting to people several colorful fast foods online, have trained more compared to the responsible AI that will help individual humans to maintain a good habit in different aspects of life.",5,understanding about the different component of an argument and learning more about how can we convince others.,"using other discussion platforms,  using graph analysis for finding relevant topics, providing of knowledge graph of argument ",Yes,because it can help me to improve the content of my text and increase my ability to convince  ,Yes,Yes
,Agree,person12,22,Bachelor's Degree,5,5,4,6,4,5,3,5,5,6,5,5,6,4,6,4,6,6,"So my argument is that, not everybody that  is graduating with a high-end science degree particularly involving healthcare education should be allowed to practice in real life settings for example a research lab, lets say a number of graduates are graduating with a degree in genetic engineering, the question are all of them eligible to handle sensitive info, practice specialized techniques, of course there will be some people will argue that everybody has a right to do so because they have a degree, i will ask that is simply an opinion, if everyone one is allowed to do everything then the quality of that particular thing comes in to question, that is the reason there are few PhDs and MDs.",,person12,6,6,6,5,6,6,"I learned how to design an argument and structure it with correct components at correct places, so that the argument will turn in your favour or bring the odds up so that it gives you the ability to continue the argument further.","Backing  (Additional evidence backing up the connection), Qualifiers  (Words that make the claim more careful - scope), Rebuttals   (When the main point might not apply , counterargument)","Backing/Support, Grounds","in this one example that the word residency and fellowships should be use for only physicians not PAs or RNs, the argument was backed with evidence of confusion and strong claims in order to counteract any negations stating the fact otherwise.",6,5,6,6,7,7,6,"in the components of identifying the gaps and weakness in the argument it heavily depends on the person stating that, simply because ofÂ´ his argumentative skills. But on the other components that ivce seen from the feeback given y the AI, I see strong evidence, backing will validate an argument more and Im willing to change my stance on the  argument if the evidence provided is validated. ",6,"So my argument is that everyone that is graduating with a science degree, say for example like students graduating with genetic engineering should not be allowed to practice specialized techniques with sensitive info in a real life setting, just because a person has a title of bachelor of technology in biotechnology , we cant be sure that if he has good ethical standards and good amount of lab hours or if he is trained on a updated advanced curriculum that is competent enough with all the other advanced institutions. we can use standard metrics like specialized licentiate like in medicine to practice the education or to track the lab hours to create a central platform like Sweden's central admission portal , where applicants can apply and all the universities use the same portal to select the applicants. like this we can create a central system where every university having that degree program has to have an account and every student who is studying the same programm has to log their activity when in lab training, monitoring this will tell the lab hours and the license exam that is standardized to every student in the programme all over the country has to pass in order to get a license, this will improve the quality of the education and will reduce the number of ineligible graduates, statistics show that students with well enough lab hours perform well in real life settings such as research labs, one example for this is India's NEET exam helped bring down the number of unqualified students to become doctors  and simply because a person is more wealthier than the other. some people might argue that this is unfair , that everybody who has a degree is eligible but the real situation with  NEET speaks other wise.",5,"How it makes me think about an argument in a way that i never thought about, the components and the structure and the expression.",May be interaction time could be reduced as now people  want everything in an instant. ,Maybe,"just because it takes time to reach the end stage, other wise everything is well organised and has real potential to help people",Yes,Yes
,Agree,person13,35,Bachelor's Degree,6,5,5,5,4,4,4,3,3,7,6,5,4,3,5,5,6,5,"Tech is a tool and it can be used for good or bad purpose. Tech is evolved by the humans and it have multiple elements which make it different for each people. If its in a hand of good person, it can be used to serve the human race and on the other hand, an evil person can use it to fulfill his malicious intentions.",,person13,6,6,5,5,5,5,I generally talked about bad and good of tech then it told me that It is better to define bad and good and only keep one side as claim the other side as rebutal,"Claims (The main idea, one has in mind to express), Grounds (Evidence given to support the idea of the argument), Rebuttals   (When the main point might not apply , counterargument)","Backing/Support, Qualifiers/Limitations, Rebuttals/Counterarguments",Society should shift towards a technology and science focus and away from consumerism and amassing wealth. So we can put a higher emphasis on advancing science and technology.,6,4,7,6,7,6,6,I like that it gives me time to think and arguments will be more strong if I am precise and give more evidence to support.,6,"Technology is a tool and it can be used for good or bad purpose. by good porpuse i mean that it has lots of functionalities and have made the human's life easier and even helped men in fields like education, curing cancer, and preventing crimes, but at the same time some humans can say Tech bad by bad I mean that it can cause cyber crimes or also making  people lazy or at the risk of job loss. we need to see that tech is evolved by the humans so I think based on what i said in the area of tech there need to be more regulations technology is not by nature harmful how we humans use or make it could lead to be making it harmful sometimes. many hackers hack banking accounts like in reddit i have seen that the teamviewer or many ebay account has been hacked by hackers instead of putting all the blame on technology we need to put better laws that can prevent these things. based on my studies on reddit society will have a shift towards a technology and they will have to focuse on science than just relying on consuming technology if we educate people more there will be less radical attacks by use of tech. but maybe there are also some people who have fear from technological revolution in AI like there are persons who are very sad about their jobs to be replaced but they can also think that AI can help them to work less or work remotely but get the same money. so i still believe tech is good by nature but we to use it in a correct way",3,It made me think that why my argument is weak and how can I make it more good and more strong. ,Need a multi-language version so it helps people who speak other language.,Yes,Its help me thinks more clearly.,Yes,Yes
,Agree,person14,24,Bachelor's Degree,6,4,5,5,5,5,3,4,4,4,4,5,5,5,4,6,6,4,"I believe that people should analyze themselves before starting their career in academia like pursuing a PhD, they should be checking their level of intelligence, interest and passion toward the subject which they want to study to avoid failure or resignation.",,person14,6,7,6,4,5,6,It improved my systematical approach to my statements during my discussions and enhanced my self-evaluation when speaking,"Claims (The main idea, one has in mind to express), Warrants (Reasoning that connects evidence to claims), Rebuttals   (When the main point might not apply , counterargument)","Backing/Support, Qualifiers/Limitations, Rebuttals/Counterarguments, Grounds",I found a post which was suggesting that people can start experiencing a career in initial levels and get a feedback from the essence of that experience.,6,5,6,7,7,5,6,"I understood to search for evidences when speaking and link them to the my claims. Also, I know how to criticize my own statements to oppose against my claim in fill the gaps. ",6,"I believe that people who want to study PhD, need to have a clear self-assessment of themselves. They must  consider the fact that they need to analyze different aspects of their personalities such as their ability to communicate and network, their intelligence and understanding towards the subject of the study(based on numerous studies, higher IQ results better in advanced studies),and their execrated level of work-life balance(based on surveys, people in academia feel that they have more balanced and less stressful life compared to the people in job market) in their career. To link these, people who have better communication skills can accomplish more achievements(like publishing more papers in collaboration with other researchers).Also, when it comes to higher intelligence, obviously, they can learn more when they are intelligence. In case they doubt about the above-mentioned parameters, they can start their journey and be more informative as they go through the studies. During their studies they can get a better vision toward job market vs academia comparing varying opinions there, because sometimes there are professors who are isolated in academia bubble and also there are professors that have more fair thoughts regarding the realities of job market. Knowing all these might help the pursuers to decide in the beginning of their journey and they can choose to resign at first or continue to dig deeper. Although I mentioned IQ and networking skills' significance, they might be successful with a good mentor or supervisor during their Phd and the institutional support surely plays a crucial role! a research conducted in this regard indicates the importance of self-stem and positiveness on people who want to succeed in a job. ",3,It is a science based tool for statement improvement in a single use!,"It depends on level of understanding of the user. It is really time consuming to understand and comprehend what is going on and what is the purpose of this app. I think intellectual people can only be  happy with using this app's current version. 

It can be a perfect tool for high school level students to help then learn how should they make their statements but it needs be simplified first.",Yes,Because it guided me well providing related content from the Reddit,Yes,Yes
,Agree,person15,32,Master's Degree,6,5,3,4,5,5,3,4,3,6,6,5,4,5,5,6,7,5,"I think python is the best programming language in the world today. Because it is easier to learn and many resources to refer, since it has a large community. Although C, Golang is faster languages, python also getting better. Python has large set of libraries we can use almost any use case. Even GPU programming is shifting towards python from C. ",,person15,6,6,5,6,4,6,"When I input my argument, this tool teaches me how to improve my argument in different ways.","Claims (The main idea, one has in mind to express), Grounds (Evidence given to support the idea of the argument), Warrants (Reasoning that connects evidence to claims), Backing  (Additional evidence backing up the connection)","Backing/Support, Qualifiers/Limitations, Rebuttals/Counterarguments",There was a discussion of a person who started the programming journey at hist early 30's and used python as the language and became a senior after few years of coding in python,6,6,6,6,7,7,6,The tool give me a very good understanding about considering evidence before accepting an argument,6,"I think python is the best programming language in the world today. Based on many studies python has become the most popular language among many sectors like, universities and other industries. Due to the easy syntax, python is really easier to learn. Also, there are many resources in YouTube, Udemy and Coursera to study this language due to the large community. Also this is a really versatile language due to the large number of supporting libraries for almost every type of people. For example, Pytorch for AI, OpenVision for image processing, and Flower for FL. One disadvantage of python, it is not faster enough like C, Java or Go. Because it is not a compiled language. But, it is getting faster with added libraries . For example, nowadays python is using for CUDA programming embedded with C++ libraries as well. 
Hence, python is a good starting point than any other language  for any new person to start programming. Also it is really good for the job market in future. Many people have share their experience of Python for job seekers and other people who created their own tools like video editors and game using python but not more professional about coding. ",3,"The nice GUI, and function",In the UI the sates are not properly managed. If it is fixed the user experience of the app may be enhanced. ,Yes,To enhance my arguments,Yes,Yes
,Agree,person16,32,Bachelor's Degree,6,4,4,5,4,3,3,3,3,4,3,3,3,4,4,4,4,4,"I believe, mental health plays important role in personality development and it plays a pivotal role in social behaviors like making friends, a person with germs OCD  and problem with  germophobic germ sensitivity, Another example is if i am invited to his place and I am just allowed to sit on a specific place as I am coming from outside and might be having so many germs. This would lead to a push back to be a friend with this kind of behaviors. So, considering this I believe we do have some mental disabilities that we think are just fine that we take care too much about the cleanliness.",,person16,6,6,5,5,5,5,I liked it how grabbed my ideas for each part and told me how to make it better,"Claims (The main idea, one has in mind to express), Grounds (Evidence given to support the idea of the argument), Backing  (Additional evidence backing up the connection)","Claims, Qualifiers/Limitations, Rebuttals/Counterarguments, Grounds", many things was in reddit that helped me to make my argument better i read the story about the daily life of a girl who had extreme problems with her daily life activities also a long essay from a phycologist that gave me some data  and more knowledge ,6,6,6,6,6,5,6,many examples about what I had in my mind came for me like I wanted to talk about ocd and germophobia and why I mean person with germofobia has a togh time living and many post from all around came for me to read and learn real things,6,"Mental health conditions, such as contamination OCD that one has always concerns about germs and bacteria, can negatively affect social interactions and personality development like loneliness or feeling doubtful and guilt. many people who are dealing with this are concerned about their physical and mental health, based on these experiences and real life stories those with contamination OCD are overly obsessed with small things at some level and early stages of their condition they believe that being too much clean like washing hands several times or not eating the food that they are uncertain whether it is clean could be beneficial for their health, but these symptoms will  lead to being extremely  sensitive about almost every simple aspects of daily life. this extra sensitivity for being clean can cause physical problems like asthma or even more serious mental problems where that person will stop having social interactions even with her close family members in some cases that i have read their stories maybe even stop eating food their family because of the fear or terrified feelings they can have. I have read something important was from a psychologist that two of the main features of OCD are doubts and guilt and OCD was considered the doubting  disease in 19th century , these two are the hall mark of the disorder and endorsed that these two should be faced and not to be avoided and its good to support the obsessed people to face these and overcome. these people will having a extremely hard life the best way for them is by the support that their friends will give to them by not leaving them alone until they can recover by time.
",3,I liked the thinking process that it is elevating and the UI of the app the way clearly stating the argument statistics. The architecture and thought provoking insights about the topic and the relatable debate it provided on the Reddit that improved my reasoning ability and improved the thought process about the topic that how can I understand a positive perspective out of the topic and help others who are suffering from the OCD and not leaving them alone in the difficulties of being misunderstood. ,the app is complete together like it told me to cite some papers or add mroe grounds and evicence to how the claim is connenected to the mental health but it diid not gave it to me instead myslef foudn them on reddit ,Yes,"It changed my perspective about laying arguments, how well an argument shall be defined and solid, it elevated my thought process.",Yes,Yes